ID,Title
2261,Vitaldent - Nou Barris
2258,ICOA
2253,Cabinet du Dr RIOM
2252,Cabinet dentaire Esch Dr George & Associés
2251,Cabinet du Dr Tchoulfyan
2250,DentalPro - Cocquio Trevisago
2249,DentalPro - Carugate
2248,DentalPro - Giussano
2247,DentalPro - Verona
2246,Busnago
2245,Busnago
2244,Busnago
2243,Busnago
2242,DentalPro - Catania 3 Etnapolis
2241,DentalPro - Catania 4 CentroSicilia
2240,DentalPro - San Cataldo
2239,DentalPro - Caronno Pertusella
2238,DentalPro - Palermo 3 Poseidon
2237,DentalPro - Melilli
2236,DentalPro - Montanaso Lombardo
2235,DentalPro - Messina
2234,DentalPro - Varese
2233,DentalPro - Gavirate
2232,DentalPro - Marsala
2231,DentalPro - Castellanza
2230,DentalPro - Ragusa
2229,DentalPro - Crema
2228,DentalPro - Seriate
2227,DentalPro - Rescaldina
2226,DentalPro - Vimodrone
2225,DentalPro - Como
2224,DentalPro - Palermo 5 Libertà
2223,DentalPro - Torino 6 Santa Rita
2222,DentalPro - Trento
2221,DentalPro - Catanzaro
2220,DentalPro - Agrigento
2219,DentalPro - Palermo 1 La Torre
2218,DentalPro - Catania 2 Katanè
2217,DentalPro - San Donà
2216,DentalPro - Thiene
2215,DentalPro - Vicenz
2214,DentalPro - Brembate
2213,DentalPro - San Giuliano 2 Le Cupole
2212,DentalPro - Daverio
2211,DentalPro - Bussolengo
2210,DentalPro - Civate
2209,DentalPro - Somma Lombardo
2208,DentalPro - Parma
2207,DentalPro - Affi
2206,DentalPro - Merate
2205,DentalPro - San Giuliano 1
2204,DentalPro - Peschiera Borromeo
2203,DentalPro - Mapello
2202,DentalPro - Catania 1 Porto
2201,DentalPro - Bellinzago Lombardo
2198,AMBULATORIO ODONTOIATRICO DOTT. CORRADO CERVI SRL
2197,Poliambulatorio San Giacomo srl
2195,Alpha clinic
2194,Dr. Agnes Bolyos
2193,Cabinet du Dr Bensoussan
2192,Cabinet du Dr Devoldere
2190,Cabinet du Dr Stagnara
2189,Cabinet du Dr MARNE
2188,DentalPro - 029 Villasanta
2187,Dr. Sophie Steiner
2186,Mullingar Dental Centre
2185,Institut dentaire Lavoisier
2183,DentalPro - Milano 7 Accursio
2182,DentalPro - Milano 12 Lambrate
2181,Dr. Bernadette Hochreiter
2180,DE ANGELIS ROCCO
2179,DentalPro - Milano 4 Velasquez
2178,Clinica Alejandra De León 
2177,Cabinet du Dr Bernes-Fillol
2176,Dr Helmut Ehrman
2175,PÔLE SANTÉ DE LA TOUR
2174,Cabinet des Drs Tamodarin & Khedhiri
2173,Clinica Tejerina
2172,Cabinet du Dr Anais Ho Si Fat
2171,Cabinet des Drs LE DIVENACH
2170,Centre dentaire et ophtalmologique Laplace Arcueil
2169,Centre Dentaire de Cachan
2168, Cabinet Dentaire Du Cengle
2167,Cabinet du Docteur Goutteux
2166,Centre Dentaire - Margny les Compiègne
2164,Cabinet du Dr Wiedmann
2162,IMEDE - Crosne
2161,Cabinet AB DENT
2160,GM2A - Bois d'Arcy
2159,DCRDA - Margny les Compiègne
2158,Cabinet Dentaire Pole 158
2157,Clinica Agora
2156,Cabinet Dentaire Vauban
2155,Arturo Lozano Clínica Dental - Torrero
2154,Labelia Lyon 4
2153,Cabinet du Dr Martin
2152,Cabinet du Dr Gueneau
2151,Clinique Dentaire des Palmiers
2150,Cabinet du Dr Hamon
2149,Clinica Noguerol
2145,Vitaldent - Zaragoza III
2144,Vitaldent - Xativa
2143,Vitaldent - Villareal II
2142,Vitaldent - Valencia IX
2141,Vitaldent - Palma de Mallorca I
2140,Vitaldent - Mislata
2139,Vitaldent - Lorca
2138,Vitaldent - Inca
2137,Vitaldent - Gandía
2136,Vitaldent - D Palma Alexandre Rosello
2135,Vitaldent - D Denia
2134,Vitaldent - Cartagena I
2133,Vitaldent - Benidorm
2132,Vitaldent - Alcazar de San juan
2131,CABINET INODEN
2130,Cabinet du Dr Alexandre Mathieu
2129,Vitaldent - Villaverde II
2128,Vitaldent - Vallecas
2127,Vitaldent -  Torrejon
2126,Vitaldent - Toledo I
2125,Vitaldent - Talavera
2124,Vitaldent - Paseo Extremadura
2123,Vitaldent - Hortaleza
2122,Vitaldent - Guadalajara
2121,Vitaldent - Getafe I
2120,Vitaldent - Fuenlabrada II
2119,Vitaldent - Terrassa II
2118,Vitaldent - Azuqueca de Henares
2117,Vitaldent - Terrassa I
2116,Vitaldent - Sabadell I
2115,Vitaldent - Mollet del Valles
2114,Vitaldent - Molins de Rei
2113,Vitaldent - Aluche
2112,Vitaldent - Lloret de Mar
2111,Vitaldent - Igualada
2110,Cabinet du Dr Bouton
2109,Vitaldent - Horta
2108,Vitaldent - Gerona II
2107,Vitaldent - Gerona I
2106,Vitaldent - D El Vendrell
2105,Vitaldent - Cornella II
2104,Vitaldent - Castelldefels
2103,Vitaldent - Avda. Mistral
2102,Cabinet dentaire du Bois des Granges
2101,SMILE VLM
2099,Cabinet du Dr Combet Camille
2097,Cabinet du Dr Kruzslicika Brindusa
2096,La Mut' Cannes
2095,Cabinet du Dr Maxence Sand
2094,Cabinet du Dr Solène Vo Quang
2093,Cabinet du Dr Le Maitre Audrey
2092,Cabinet du Dr Olivier
2091,Cabinet du Dr Abin Jaunot
2090,Cabinet Dentaire BDS
2089,Dental Numeric
2088,Dr Godelieve Sepieter
2087,Cabinet du Dr Pacquelet
2086,Cabinet Les Cactus
2085,Dupuy Hirardot
2084,Cabinet du Dr Drouet
2083,Instituts Odontològics - Esplugues
2082,Instituts Odontològics - Santa Eulàlia
2081,Cabinet du Docteur Delphine Reys
2080,Cabinet des Drs Lendner
2079,Cabinet Sully
2078,Cabinet du Dr Pourtales
2077,Cabinet CMCT
2076,Cabinet des Drs Farcasanu
2075,Cabinet du Dr Noel
2074,SCM Caillerie Chapperon Giraud
2073,Cabinet Cardeillac
2072,Cabinet Dr Sarah Langelier
2071,Institut Dentaire du Pays d'Auge
2070,Cabinet du Dr Truffinet
2069,Cabinet Des Saules
2068,Cabinet du Dr Andréotti Cécile
2067,Cabinet du Dr Teiten
2066,Cabinet dr Zaepffel
2065,Cabinet Dr Alain Nicaud
2064,Cabinet Dentaire Guillaume Becker
2063,Cabinet Dr Vannier
2062,Selarl Dr Koskas
2061,Dr Justine GOARIN
2060,Cabinet du Dr Bodard
2059,Cabinet du Dr Bourzac
2058,Cabinet Dr Dagorn
2057,Cabinet du Dr Germain
2056,Cabinet Dr Letteron
2055,Cabinet Dr Kielich
2054,Cabinet du Dr Jouanjean
2053,Cabinet Estelle Roche
2052,Cabinet Dentaire Jegun
2051,Cabinet du Dr Bocherens
2050,Cabinet du Dr Dahan
2049,Cabinet du Dr Abensour
2048,Cabinet des Drs Milani-Zoppi
2047,Cabinet du Dr Jeremy Hostetter
2046,Centre de Santé Dentaire de Villeneuve-le-Roi
2045,Cabinet du Dr Fordos
2044,Clinica Elena Talamantes IMR
2043,Paro Antwerpen
2042,Clinica Camara
2040,Clínica Dental Eduardo Martos
2039,Cabinet du Dr Marin
2038,Cabinet du Dr Rossignol
2037,Cabinet du Dr Moreau
2036,Cabinet du Dr Crouail - Boyer
2034,Cabinet Dentaire de Berck
2033,Cabinet du Dr Pichon
2032,Cabinet du Dr Buzariu
2031,Selarl Cabinet Dentaire Port Caraïbes
2030,Clinica Parc Del Tramvia
2029,Cabinet du Dr LEPINARD
2028,Clinica GWS
2027,DOTT. ANTONIO BERNARDI
2026,DentAnil
2025,Cabinet du Dr Miquel & Gustave
2024,Clinique dentaire du Dr Hatzkevich
2022,Cabinet des Drs Zerbib et Erchoff
2021,B CLINIC ITALIA SRL
2020,Villa Pompea S.R.L
2019,BG Private Practice
2018,Cabinet du Dr Guillaume Gérard
2017,Centro Dentale Athesis
2016,Dr. Florian Eder
2015,Cabinet du Dr LMESKINE
2014,Clinica Imaye
2012,Cabinet du Dr BADERSPACH
2010,Cabinet du Dr Guerrier et Populin
2007,Cabinet dentaire Arkadya
2006,Cabinet du Docteur AZODANLOO
2005,Cabinet du Dr Ruch
2004,BucodentalCROI
2003,Clinica Dental Atocha
2002,PISTONE DOTT.SSA MARIANTONIETTA
2001,Cabinet Harmonie dentaire
2000,Cabinet dentaire des Drs MUNOZ & GUILLEMONT
1999,STUDIO DOTT. SOFRITTI SRL
1998,Dentetes
1997,Dentius Ekeren
1995,Dental Studio - María Loira
1994,Centro Odontoiatrico Ferrari Srl
1993,Cabinet des Docteurs Azogui
1990,Centre Dentaire Saint Genis Pouilly
1989,La clinique Dentaire des Francs
1988,Cabinet du Docteur Moubarak
1987,Dr. Andrea Krebs
1986,FORESTA ODONTOIATRIA STP
1985,Clinica Adalia
1984,Cabinet dentaire Dentalpéi
1983,Cabinet du Dr Leroy & Vincent
1981,BD Nord s.r.l.
1980,Bellinvia srl
1979,ZANOTTO STUDI DENTISTICI SRL
1978,Laser Naderi Medicine GmbH
1977,Luciano Claudio Canton
1976,London Dental Arts
1975,Centre Dentaire Ferney-Voltaire
1973,Clínica Dental Marina Ustrell
1972,Cabinet du Dr Aimé
1971,T.D.S. SRL AMBULATORIO MEDICO DENTISTICO
1970,CENTRO ODONTOIATRICO CIVITAMED
1968,Cabinet du Dr PLANTIN
1967,Clinica Odontológica Balcázar Torres
1966,Dentego - Le Havre République
1965,Cabinet du Dr Aurélie Bihr
1964,GIORGIO DOTT. GUALTIERI
1963,Innovadent Dental Clinic
1962,Cabinet du Dr Cohen
1961,GM Dental & Implant Centre
1960,Cabinet Dentaire Paris 11ème
1959,OMA DENT LDA
1958,DRAGONI DR. AURORA E PICCINELLI DR. ATTILIO
1957,Cabinet dentaire de l'Opéra de Massy
1956,Cabinet du Dr Stefania Canon
1955,Cabinet du Dr Bayard
1952,Cabinet du Docteur Maze
1951,Smile Clinic - Watford
1950,Cabinet des Docteurs Vendeville
1949,Cabinet dentaire du Comminges
1946,Dr. Tobias Pichler LL.M.
1945,WHITE SPA | Ordination Dr. Leukauf
1943,SELARL Dr Pujol Nathaniel
1942,Damira Dental - East Cowes
1941,Damira Dental - Chipping Norton
1940,Damira Dental - Bank Buildings
1939,MEDEA Centre Dentaire de Cournonterral
1938,Clínica Dental Herrera
1937,Quality Dental - Ruislip
1936,Quality Dental - Fulham
1934,Cabinet Dentaire Escalis
1932,Studio Odontoiatrico Di Stefano - Misterbianco
1930,Dr. Mag. El-Nathan Shamuilov
1929,Dott.ssa Schirripa Alessandra.
1928,Dentozo academy asbl
1927,Centre Dentaire Pasteur
1926,VALLERIANI S.R.L.
1925,INNOVADENT S.R.L.
1924,HUMAN S.R.L.
1923,DENTAL MARCONI S.R.L.
1922,DENTAL APULIA S.R.L.
1921,CACAO S.R.L.
1920,BD 23 S.R.L.
1919,Cabinet du Dr Salomé Diener
1917, BD NORD QUATTRO S.R.L.
1916,BD GROUP S.R.L.
1915,Cabinet du Docteur Benaddi
1914,Dr. Dinah Mühlbacher
1913,Cabinet du Dr Bertieaux
1912,ALBADENT SRL
1911,BD 11 S.R.L.
1910,BD 20 S.R.L.
1909,BD NORD DUE S.R.L.
1908,Cabinet du Dr ABATE
1907,Cabinet Dentaire St Remy De Provence
1906,Cabinet Docteur Carnio
1905,Dentego - Massy
1904,Dentego - Porte d'Italie
1903,Cabinet du Docteur Clara Semoulin
1902,Cabinet dentaire Le Toullec
1900,Clinica Dental Javier Amaro
1898,Cabinet dentaire L'arbre de Condé
1897,Abaden dentistas - Manresa
1896,Abaden dentistas - Sant Andreu de la Barca
1895,Abaden dentistas - Mataró
1894,Abaden dentistas - Vilanova i la Gestru
1893,Abaden dentistas - Girona
1892,Abaden dentistas - Tarragona
1891,Abaden dentistas - Sants / Marqués
1890,Abaden dentistas - Lloret de Mar
1889,Abaden dentistas - Blanes
1888,Abaden dentistas - Vall d'Hebron / Arenys
1887,La cittadella dentale Srl
1886,Dentego - Chateaudun
1885,RADICE STUDIO DENTISTICO
1884,CENTRO ODONTOPROTESICO INDIPENDENZA SRL
1883,Dentego - Rosny sous bois
1882,Dentego - Champigny
1881,Dentego - Nantes
1880,Cabinet des Docteurs Vinee & Dominguez
1879,Cabinet du Dr Antoine Sancier
1878,Cabinet du Dr Desmarescaux
1877,Cabinet du Dr Guillaume Barros
1876,Cabinet du Dr Diss
1875,Clinica Dental Mariano Hernandez
1874,Cabinet du Dr Touati
1873,Clinica Canteras
1872,Dental Corbella Majadahonda
1871,Centre dentaire UGRM Matabiau
1870,Dental Corbella Hilarión Eslava
1869,BD 19 S.R.L.
1868,Cabinet du Dr Sebbag
1867,Gruppenpraxis für Zahnheilkunde OG
1866,Dr. Hampel Harald
1865,Dr. Jakob Kreuzer
1864,Dr. Annika Grabmayr-Meller
1863,Dr. Gabriela Alexandru
1862,Clinica Dental GyG
1861,Dr. Karoline Schagerl
1859,Cabinet Du Dr Michael Gay
1858,Cabinet Dentaire du Dr Jourdin
1857,Cabinet du Dr Pierre-Emmanuel Cateland
1856,SCM - Cabinet du Dr Girodon
1855,Cabinet du Dr SAHLEANU
1854,BD 27 SRL
1853,Cabinet Dentaire A MURZA
1852,Centro Dental Salvador García
1851,Dr. Eva-Mirela Gardner
1849,Cabinet du Dr Cristina Spanu - Bures-sur-Yvette
1848,Cabinet du Dr Inès Sanaa
1847,Cabinet du Dr Pauline Crossman
1846,Cabinet du Docteur Radu CASIAN
1845,Cabinet du Dr Tatiana Behmu
1844,Clinica Sicilia
1843,Cabinet du Dr ASLAM
1842,CMD Life
1841,Cabinet du Dr Mokala
1840,MIM Dental
1839,Cabinet du Docteur Sanchez
1838,Cabinet du Docteur Ret
1837,Cabinet dentaire des Ducs
1836,Cabinet du Dr Khelif
1835,Centre Dentaire Bassilly
1834,CENTRO DENTALE LAZZARINI SRL
1832,Cabinet du Dr Drakopoulos
1830,BD 26 SRL
1829,BD NORD SEI SRL
1828,BD 28 SRL
1827,BD 13 SRL
1826,BD 15 SRL
1825,Cabinet du Dr Fneiche
1824,Practice of Dr Hugo Teixeira
1823,Clínica dental MAEX Pérez Varela
1822,Clinica dental Schurian
1821,Cabinet Du Dr Errard
1820,Clínica Dental - García Triviño
1818,Clinica dental Odontic
1817,Clinicas Alsana
1813,Clinica dental Riosdent
1812,Clinica Dental CED
1811,Clinica Dental Budiño
1809,Clinica Dental Aviño
1807,Clínica Dental Bowen
1806,Centro Dental Macía
1805,Carpe Dient
1802,Cabinet du Dr Matthieu Baranger
1801,Clinica Dental Bruselas
1800,Poliambulatorio Leonardo SRL
1799,STUDI CAMPAGNA S.R.L.T.P.
1797,Rodríguez Vidal - Clínica Dental
1795,Clinica Ana Claros
1794,Clinica David Fortuny
1793,Diagnovita
1792,Cabinet du Dr Roby Crêté Anais
1791,Cabinet du Docteur Samson
1790,Cabinet du Docteur Ducret
1789,Cabinet du Docteur Renaudin Dit Bailliet Clement
1788,Cabinet du Dr Sabine Denimal Zou
1787,Cabinet du Dr Michel Haasser
1786,CLINICA BLANC
1785,Dental Clinic Vali Konagi
1784,Lonsdale Dental Practice
1783,Cabinet du Docteur Hadda Niniss
1782,Cabinet du Dr CASANOVA
1779,Hi.dent
1778,Cabinet du Dr Thommes
1777,Cabinet du Dr Arnaud Ranvier
1776,Cabinet du Dr Aurélien Craye
1774,Cabinet du Docteur Elena Iovu
1773,Cabinet dentaire du Dr David Labouz
1772,Clínica Dental Gómez
1771,Cabinet du Dr Karimova
1770,Stomatologia Taszakowscy
1769,DMD Medical s.r.l.
1768,Clinica Dental Castilla
1767,Profistar - Artem Novikov
1766,Cabinet du Dr Guy
1748,CANEVELLO DOTT. RICCARDO
1747,Clínica Dental Mireia
1746,Cabinet du Dr Julien Garnier
1745,VI & SO SRL
1744,CSDC ODONTOIATRIA SRL
1743,Studio Dottori Furlan-Belleri-Gheller
1742,SANADENT SNC
1741,Cabinet DRs Osan
1740,Cabinet du Dr Domejean
1739,Cabinet du Dr Joachim Gabay
1738,Cabinet Dentaire de La Montagne
1737,Ratoath Dental and Implant Centre
1736,STUDIO DEL PIDIO DOTT. GIORDANO
1735,SCM SMILISTRES
1734,Cabinet du Dr Martegoutte
1733,Studio Dentistico Dott. Boccasini Michele Roberto
1731,SELARL AUVERGNE DENTAIRE
1730,Cabinet du DR MARIE MAUDE CASTAING
1728,Studio Dentistico Barda Dott. Daniele
1726,Cabinet du Dr Motheau Eric
1725,Clinica Dental Casorrán
1724,Cabinet du Dr Blanc
1722,Studio Dentistico Buscemi srl
1721,DDR Michael Födinger
1720,Cabinet du Dr DESCORPS DECLERE
1719,Cabinet du Docteur De Grieck
1718,LE TORRI LAB SRL
1717,Clinica Dental Kanon
1716,Bel Dent
1715,LE TORRI LAB SRL
1714,Urbidente
1713,First dental - Majadahonda
1712,CLINICA BABINSKI
1711,STUDIO DENTISTICO SAN MICHELE SRL
1710,First Dental - El Escorial
1709,Cabinet du Dr Nicolas Hoa
1708,cabinet du Docteur Charles Vanysacker
1707,Clinica Carlos Jimenez Gazol
1704,San Marco Dental Clinic
1703,Platinum Dental Clinic
1702,Cabinet Denter
1697,Cabinet Quai de Seine
1696,Clínica Dental Esther Aparicio
1695,Dr. Christian Taglieber
1694,ODONTOIATRICA SAN MICHELE S.R.L.
1690,"Cabinet des Dr Verhille, Dr Garrel et Dr Benoit"
1689,Cabinet du Dr Raphaël Manesth
1684,Cabinet des Docteurs Richard et Feron
1683,Dental Valles
1681,DentUrgent Tandartsen Wachtpost Antwerpen
1680,Cabinet Dr DUBOIS
1679,Cabinet du Dr Fajardo
1678,Centro Dental Innova
1677,Dr. Sergio González
1676,Cabinet du Dr Pauline Kuttler
1674,Bista-Eder
1673,Doctor Freddy Belliard Tiol
1672,Cabinet Dentaire Dr Ferreira
1671,Cabinet du Dr Sarlin
1669,Cabinet Dentaire - 36 rue Niel
1668,STUDIO ODONTOIATRICO DOTT. GIANLUCA IODICE
1667,DDR . Wolfgang Nemec
1666,Cabinet du Dr Khoury
1665,Cabinet du Dr Jean-Pierre Levaux
1664,Cabinet du Dr Lieure
1663,Cabinet du Dr Laurencon
1662,Immersion dentaire
1661,Clínica Dental Ochogavía
1659,Cabinet dentaire Lasure
1658,Cabinet du Docteur BAHSOUN
1657,Arte Dental Clinic
1655,Dentelia - BAYONNE
1654,CABINET DENTAIRE DU GOLF
1653,Cabinet du Docteur HAUGUEL et du Docteur ELIAS
1652,Clínica Dental Crooke La Línea de la Concepción
1651,LOM CENTRO SERVIZI ODONTOIATRICI S.R.L
1648,Centre Médical et Dentaire Rive Droite Cenon
1647,Clinique dentaire de Charleroi
1645,Cabinet du Dr Elmerini
1644,Cabinet Born To Smile
1643, DENTAL CLINIC SRL
1642, BIANCHI DOTT.SSA ROBERTA
1641,Cabinet du Dr Fatiha Bounaas
1640,BCM DENTAL SRL
1639,Cabinet du Dr Lastrade
1638,Dentego - Villefranche sur Saone
1637,Cabinet du Docteur FEUERSTOSS
1636,Cabinet du Dr Belmonte
1635,Cabinet du Dr Christine Barbet
1634,Dental Più Srl
1633,AV TRE SRL
1632,STUDIO ODONTOIATRICO CIULLI
1631,PELIZZONI DOTT. CARLO ERMINIO
1629,Les hauts de Woluwe
1628,Cabinet du Dr Cabrol Denjean
1627,ANTENUCCI FABRIZIO
1626,Mac Dental
1625,ABBRESCIA DOTT. VITO
1624,Cabinet du Dr Emmanuel Beau
1623,SMILE 2012 S.R.L.
1622,BD 12 S.R.L.
1621,SARAIS DOTT. GIOVANNI
1620,Cabinet du Dr Belien
1619, ITRI DOTT. ANGELO
1618,Clinica Corporación Dental Murcia
1617,Dissenydental
1616,Clínica Dental Julián y Valderas
1615,Clínica Natura tudela
1614,Clínica Natura aguilar
1613,Clínica Dental Isabel Perez
1612,Cabinet du Dr Corina Bajanescu
1610,Clinica Dental Crooke Churriana
1609,CENTRO SMILE DENTAL
1607,Clínica Dental Juárez Béjar
1606,Clínica Dental Juárez en Salamanca
1605,"OAO ABREU RIBEIRO, LDA"
1604,DOTT. BITONTI DOTT. FANELLI
1603,CENTRO  DI PERUGIA
1602,Clinica ZDent
1601,Clinica del Corte
1600,Dentego - Tours
1599,Dentobucal Sant Adria de Besos
1598,Dentobucal Sabadell
1597,Dentobucal Cerdanyola SL
1596,Dentobucal Puente
1594,Cabinet du Dr Viorel Ursu
1592,Cabinet du Dr Tramus
1591,Cabinet Drs Soulat et Paoli
1590,Cabinet du Docteur Genada
1589,CDC Cingal – Suisse Normande Thury-Harcourt
1588,Cabinet des docteurs Pontonnier et Mazoyer
1587,Dr. Ina Mayer
1586,Cabinet du Dr Andreia Achim
1584,Clinica Dental Gemini srl
1583,OBIETTIVO SORRISO SAS DI DI GIANSANTE BARBARA
1581,Cabinet du Dr RIBES Thomas
1579,Cabinet du Dr Bouhenika
1578,Clinique Dentaire ERAS
1577,Cabinet dentaire La Rosace Saumur
1576,Maison de santé Punta Bianca - Cabinet dentaire B2
1575,Denti a Vita
1573,Zahnarztpraxis Enciso-Arias
1572,LA DEVIMEDICA SAS
1570,Cabinet du Dr Le Tiec
1569,Vitaldent - Guinardo
1568,CENTRO MEDICO CAMPODORAL SRL
1567,Cabinet du Dr Jean-Christophe Grouffal
1566, STUDIO RASERA SRL
1565,AMBULATORIO POLISPECIALISTICO ROSSINI SRL
1563,Cabinet du Dr Lantheaume
1559,"Cabinet des Dr VARANGUIEN, PORTET et KRASKE"
1558,Dr. Hermann Anzengruber
1557,IGEA MEDICAL CENTER S.R.L
1556,LUXURY BEAUTY DENTAL CENTER SRLS
1555,ALEMAGIO SRL
1554,ST. DI ODONTOIATRIA DOTT. DI NATALE IMBESI SRL UNI
1553,Cabinet Dentaire Bassens - Bordeaux Rive Droite
1552,Alinea Estoril Unip. Lda
1551,Cabinet du Dr Keriquel
1550,Cabinet Dentaire Paris 13eme
1549,Cabinet du Dr Quiniou
1548,Cabinet du Dr Launay Tom
1547,Denteva - Nice
1546,Santé Plus - Saint Denis
1544,CENTER LH 32
1542,Cabinet du Dr Del Puerto
1541,La Maison Du Sourire
1540,Cabinet du Docteur Sarmadi
1539,Dr. Sofia Pammer
1529,Clínica Dentária de Lisboa
1527,Dentidoc Srl
1526,Centre Partners Santé - Tremblay
1524,Studio Odontoiatrico Zuppardi STP SRL
1523,Cabinet du Dr Vincent Sagué
1522,DENTALSEM SRLS
1521,COS CENTRO ODONTOIATRICO SILLA SRL
1520, Dott. Orlando Marco
1518,Clinica Gener
1517,Santé Plus - Sarcelles
1515,Dentego - Labège
1514,Nobel Santé - Saint-Denis
1513,Cabinet du Dr Hollard Milhem et du Dr Schott
1512,Cabinet du Dr Bringuier & Dr Barrin
1511,RIGONI DENTALE SRL
1510,Dentego - Vannes
1509,Cabinet Dentaire Seilh
1508,Dr. Ursula Hersch
1506,Dr. Violeta Nenkova
1505,Manish Sablania BDS M.Sc.
1504,ZANINI DOTT.SSA BARBARA
1503,Cabinet Dentaire Merger-Zinck
1502,Cabinet du Dr Vincent Roubaud
1501,Dentego - Bordeaux Lac
1500,Cabinet du Dr Imen Laradh
1499,Cabinet Dr YAGUE
1498,Cabinet du Dr PAGE
1497,IMEDE - MARGNY LES COMPIEGNE
1496,Cabinet du Dr Bou-Assi
1495,DENTAL PROGRESS ONE
1494,DENTAL COLOMBO SNC
1493,CENTRO SPECIALISTICO ODONTOIATRICO
1492,Cabinet du Dr AUZEVILLE
1491,DentalcoPlus
1490,Cabinet du Dr Tavares
1489,Dr GAZEL-SARRAZIN Laurence
1488,Cabinet du Dr Penven Cristini
1487,SELARL CABINET DU DOCTEUR RICALENS
1486,GM MED SRL
1485,MARENCO DENTAL CLINIC
1484, GM MED SRL UNIPERSONALE
1483,DENTAL POMEZIA S.R.L.
1482,Cabinet du Docteur Charly Pansart
1481,Cabinet du Dr Vacher Robin
1480,Cabinet du Dr Dravet
1477,Cabinet des Dr Sich & Dr Gambini
1475,Cabinet du Dr Perret
1473,BADINI DR. PIER PAOLO
1472,QUAGLIERO DOTT. ANDREA
1471, DENTAL CLINIC PROJECT 2 SRL
1470,Cabinet des Dr Turcan et Dr Masset
1469,Centre dentaire Colbert Meaux
1468,Cabinet du Dr Vidot
1467,Cabinet du Dr Margaux Mondet
1466, DENTAL CARE AND SERVICES SRL
1465,Cabinet du Dr Mitoc
1464,Cabinet Dr Autrand
1463,Cabinet du Dr Junger
1462,CENTRO ODONTOIATRICO CALDERARA DI RENO
1461,Cabinet du Dr Di Donato
1460,Cabinet du Dr Sisso
1459,Cabinet Dr Bourguia
1458,DOTT PETTI GIACOMO
1457,STUDIO DENTISTICO DOTT BOZZELLI GIOVANNI
1456,Santé Plus - Metz
1455,Cabinet du Dr Lenfant
1454,Cabinet du Dr Alexe
1452,Cabinet du Ried
1451,Cabinet du Dr Gattoni
1450,Cabinet du Dr Juan Trucco
1449,Cabinet du Dr Sebastien Rossi
1448,SANTA FERMINA S.R.L.
1447,I.G.I. SRL
1446,Venere s.r.l.
1445,BD Nord Uno s.r.l.
1444,BD 16 s.r.l.
1443,BD 24 S.R.L.
1442,Dental Corbella Ortega
1441,BD NORD S.R.L.
1440,BD 14 s.r.l.
1439,BD 17 s.r.l.
1438,BD 18 S.R.L.
1437,Smile 2012 srl
1436,Cabinet du Dr Miscopein Gortais
1435,BD 21 s.r.l.
1434, BD 22 s.r.l.
1433,BD 25 s.r.l.
1432,BD NORD TRE S.R.L.
1431, BD Nord Cinque s.r.l.
1430,DENTAL QUALITY S.R.L.
1429,Cabinet du Dr Hava
1428,Dental Corbella Goya
1427,Dental Corbella Las Rozas
1426,INIZIATIVA MEDICA SRL
1425,Dentego - Bordeaux Montaigne
1423,Cabinet du Dr Christophe Girousse
1422,Dentego - Franconville
1421,Dentego - St Nazaire
1420,Cabinet du Dr Bogdan
1417,Dr DAVAINE Maxence
1413,Cabinet Dentaire Dr Rial / Dr TENENBAUM
1412,Cabinet du Dr Renucci
1411,Cabinet du Dr Pradelle
1410,Cabinet du Docteur Mati
1409,Cabinet Dentaire Paris 14eme
1407,Cabinet Orthodontie des 3 vallées
1405,Cabinet du Dr Prouheze
1404,Dr. Gerald Schuster
1403,DENTAL PROTESI di FABRIZIO MOLLICA & C. SAS
1402,Cabinet Dentaire Port-Vendres
1401,Dental Med'Oc
1400,SELARL Dr ALEXANDRE CAILLOT
1399,Vitaldent - D Mahon
1398,Vitaldent - Catarroja
1397,Vitaldent - Castellon IV
1396,Vitaldent - Castellon III
1395,Vitaldent - Cambrils
1394,Vitaldent - Burjassot
1393,Vitaldent - Arganzuela
1392,Vitaldent - Alicante San Juan
1391,Vitaldent Usera
1390,Vitaldent Rubi
1389,Vitaldent Reus
1388,Vitaldent Palma Pascual Ribot
1387,Vitaldent Murcia Gran Via
1386,Vitaldent Calle Valencia
1385,Vitaldent Montcada
1384,Vitaldent Mejorada Centro
1383,Vitaldent - Martorell
1382,Vitaldent Viladecans
1381,Vitaldent Valls
1380,Vitaldent Valencia VII
1379,Vitaldent Valencia VI
1378,Vitaldent Valencia II
1377,Vitaldent Valencia I
1376,Vitaldent Tarragona II
1375,Vitaldent Sant Boi
1374,Cabinet du Dr Genevier
1373,Vitaldent - Tarragona
1372,Vitaldent - Sant Andreu de la Barca
1369,Vitaldent - Elda
1368,Vitaldent - Alicante Reyes Católicos
1367,Vitaldent - Alcalá 273
1366,Cabinet Du Dr Boncev
1365,Cabinet Dentaire Beaupeyrat
1364,Cabinet Dentaire Pessac
1356,Dr SOARE Laura
1355,Vitaldent San Fernando de Henares
1354,Vitaldent Pueblo Fuencarral
1353,Vitaldent Parla I
1352,Vitaldent Moratalaz
1351,Vitaldent Lopez de Hoyos
1350,Vitaldent - Leganes I
1349,Vitaldent Fuenlabrada I
1348,Vitaldent Fatima II
1347,Vitaldent D Madrid Vicalvaro
1346,Vitaldent Colmenar Viejo
1345,Vitaldent Bravo Murillo
1344,Vitaldent Avenida del Mediterraneo
1343,Vitaldent Alcobendas La Chopera
1342,Vitaldent - Alcala de Henares II
1341,Vitaldent Alcala 88
1340,Vitaldent - Pinto
1339,Vitaldent Albacete 3
1338,Abaden dentistas - Diagonal
1337,Clinica El Cedro
1336,Cabinet du Dr GERAUD CANTAYRE
1335,Dr CUTIRARU Marina
1332,Cabinet Dentaire à Blagnac
1331,Centro Tauros SRL
1330,SCM Les Salvetaines
1329,Cabinet de la Corderie
1328,Cabinet DR LOGEAT
1327,SELARL du Docteur Sellam
1326,Cabinet du Dr Soileux
1325,Cabinet Dr Paganon
1324,"Dr. Simon Puschnig, MSc"
1323,Cabinet du Dr Christelle BRERRO SABY
1322,Cabinet du Dr Guillaud et Dr Latil
1321,Dr. Gabriele Schmidbauer-Schuster
1320,Dr. Mensur Krnjic
1319,Santé Plus - Perpignan Hôtel de ville
1318,Cabinet Dr CARPENTIER
1317,Clínica Médica Dentária Dr Varela Silva unipessoal
1316,Dentego - Sens
1315,Dentego - Dreux
1313,Dentego - Amiens 2 (Dury)
1312,MFR Grand Sud - Montpellier Grisettes
1309,Dr LANNOY Marc
1308,Cabinet du Cathy ASSOUN
1307,Dr RICHARD Hervé
1306,Place Dentaire - Montreuil
1305,Place Dentaire - Toulouse Bayard
1304,Dr MARINESCU Ioana
1303,Dr PANAIT Lavinia
1300,Clinica Dental Castelo
1299,Place Dentaire - Flandre
1298,Cabinet du Dr Demoy
1297,Cabinet du Dr Calibre
1296,Cabinet du Dr.Bonaccorsi
1295,GIANNUZZI DENTAL STUDIO STP SRL
1294,STUDIO DENTISTICO VEDOVATI SRL
1292,Cabinet du Dr Valade
1289,SELARL Cabinet dentaire du Docteur Massal
1288,Cabinet du Dr LIMA Edenia
1287,CDB Dental
1286,Dr BONNAT Christiane
1285,Cabinet du Dr Marin
1284,Cabinet Dentaire
1283,Cabinet du Dr Paul Adge
1282,Cabinet du Dr David Kadoche
1281,Cabinet Dentaire du Dr.Makanaky
1280,Dr OUF Guillaume
1279,Cabinet dentaire le 72 / Parc Bordelais
1278,Cabinet Lachat
1277,Cabinet des Dr.HAMPE KAUTZ et BUESSINGER
1276,Cabinet du Dr Hayon
1275,SELARL Dr Anis REMADI
1273,Cabinet du Dr
1272,Cabinet du Dr Dard et du Dr Cannet
1271,CABINET DENTAIRE TOURET Sydney
1270,CABINET DENTAIRE NICE OPERA
1269,Cabinet du Dr Marc Chiche
1268,Dr ONCIU Ovidiu
1267,Cabinet dentaire des marches du Velay
1266,Cabinet du Docteur Hohler
1265,Dr HECK Lydie
1264,Cabinet du Dr Sharon KRIEF
1262,Dr Damien Feuillet
1261,Cabinet du Dr Foncelle et Davienne
1260,SELARL DR GUILLAUME MARTZ
1258,Cabinet du Dr Pincet
1257,Cabinet du dr Filloz et Delorme
1256,Ange et Smile
1255,Cabinet du Dr Anna Sion
1253,Cabinet du Dr Borufka
1252,Haut Segala dentaire
1251,SELARL AJEM
1250,Dr TOULZAC Christine
1249,Dr Bérénice Baille
1248,Cabinet Dentaire Laonnois
1247,Cabinet dentaire H2A
1246,Dr MAJOREL Julien
1245,Cabinet du Dr Patris
1244,Cabinet Raynaud
1243,Cabinet Adisson
1242,Cabinet du Dr DUFOUR Thomas
1241,Cabinet Dentaire du Pastel
1240,SELARL DR DOULACHE
1238,Dental Blue
1237,Cabinet du Docteur Pialoux Dubault
1235,Cabinet du Dr Olivier DELSOL
1234,Cabinet Dentaire des Quinconces
1233,Cabinet du Dr Guilhempey et Dr Azam
1232,Clinique Dentaire Costecaude
1231,Dr Antoine De La Bouere
1230,Cabinet du Dr Liègeois Olivier
1229,Cabinet du Dr Bregeon
1228,SELARL Cabinet Dentaire Dr Ronny TOURET
1227,Cabinet Bailly-Gourlay
1226,Cabinet du dr Khalfon
1225,Cabinet Dr Winther
1224,Cabinet du Dr Lauhon
1221,Dr VAZ FERNANDES Joel
1219,Cabinet du Dr Szerbojm
1218,Cabinet du Dr El Khoder
1217,Dental Soft
1216,Cabinet du Docteur Ploteau
1215,Cabinet du Dr Rainsard
1214,Cabinet Vaugirard
1213,Dr LABAU Mendy
1212,Cabinet du sourire
1210,Cabinet du Dr PREXL
1209,DST MEDICAL SRL
1208,RETE ROMANA SALUS
1206,Espace Dentaire des Écrivains
1204,METICA SRL
1203,Vitaldent - Sant Feliu de Llobregat
1202,Vitaldent - Esplugues I
1201,Vitaldent - Hospitalet III
1200,Vitaldent - Consejo de Ciento
1199,Vitaldent - Bac de Roda
1198,Vitaldent - Cornella Centro
1196,Cabinet du Dr Le Garrec
1195,SALARIS DOTT. STEFANO
1194,TREPUNTOZERO SRL
1192,Doctil - Guingamp
1191,Cappelli Alessandro
1190,RRE SMILE S.R.L
1189,Cabinet Du Dr Klein
1188,Dr PINTO Fernando
1187,Dr MATHYS Pierre
1185,Cabinet du Dr Malvido
1180,Cabinet du Dr NEWDDAN JEGANATHAN
1179,Dr VERMOT-GAUD Olivier
1178,"Ododental, Inovação Clínica Unipessoal, Lda."
1176,Dr MARLIERE Simon
1175,STUDIO DENTISTICO ASS.TO RAMPINELLI E.& F.
1174,Conti Dott. Giulio
1173,"Ododental, Inovação Clínica Unipessoal, Lda."
1172,Cabinet du Dr Rocio
1171,Cabinet du Dr.MATTEI
1170,Cabinet du Dr Clémentine Ode Ribeyron
1166,Cabinet Dentaire Biscarrosse Plage
1165,Centre Dentaire du Château 51
1164,Instituts Odontològics - Pamplona
1158,Instituts Odontològics - Del coso
1153,Cabinet du Dr Antonio FIUZA
1152,Cabinet du Dr Benoit Leheis
1151,Cabinet dentaire de Capeyron
1150,Cabinet Dentaire des Thermes
1149,Centre de Salud Dental Edo
1147,Cabinet Dentaire d'Andrésy
1146,Dr. Thomas Euler
1145,TAVIAN DOTT. PATRIZIO
1144,Cabinet du Docteur Isabelle MAUX
1143,Cabinet du Docteur Nina Lainé
1142,Cabinet du Dr Gautier-Keymaram
1141,Cabinet du Dr Boujenah
1140,Cabinet du Dr Hélène Elmosnino
1139,Centre Dentaire Poissy
1138,SDC SRL
1137,Studio odontoiatrico 3Z SRLS
1136,Cabinet Dentaire Sainte Terre
1134,Cabinet du Dr Ruslan Popov
1133,Place Dentaire - Toulouse Carmes
1132,MK SORRISI SRL
1131,MR. FACE - IMPLANTOLOGIA DENTALE SRL
1129,Cabinet du Dr Guenassia
1127,CENTRO ODONTOIATRICO GRIMALDI SRL
1126,STUDIO DENTISTICO DR F. CITTADINI S.R.L.-STP
1125,Dr MY Marie-Anne
1123,Cabinet du Dr Maignan
1122,Cabinet Dentaire OYAT
1120,Quantum bioestética dental
1119,MANES GRAVINA DOTT. GIOVANNI
1117,Dr Margot Gallion
1115,VALENTINI DOTT. GIULIANO GABRIELE
1113,Dr Casas Thibaud
1112,Cabinet du Dr Carla IZARIE
1111,STUDIO ODONTOIATRICO DOTT. FRANCESCO PICCOLO
1110,Dr. Klaus Eder
1109,Dr DARTOIS Hubert
1108,Maritima Dental Esthetics
1107,Cabinet du Dr Fartoukh Ethan
1106,Cabinet du Dr Dayan Jacob
1105,Cabinet du Dr Jonas Azran
1104,Dr. Wolfgang Tautschnig
1103,Dr. Christoph Fenninger
1102,Dr. Florian Biowski
1101,DDr. Bernhard Buck
1100,CEM Valderas
1099,Cabinet dentaire de l'étoile
1096,Dr. Raluca-Elena Nicolae
1095,Dr SISCA Antoaneta
1093,Cabinet du Dr Stéphane PLAN
1092,Dr SIAKA MEFOWE Leopoldine
1091,DENTALSERVIO CHAMPIGNY Centre Dentaire Jean Jaures
1090,Cabinet du Dr Biton
1089,SCM Bellecour
1088,DENTAL MEDICINE SRL STP CENTRO DENTALE
1087,STUDIO ODONTOIATRICO DOTT. ANTONIO CAPOCCI
1086,DR RICARDO NÓBREGA
1085,Dr BOISSAVI Martine
1084,Cabinet du Docteur Stéphanie BERRIER
1083,Dr Toma Anca Monica
1082,Cabinet du Dr DARRIEUX et RABEAU
1081,Centre de santé médico-dentaire Villemomble
1080,Dr. Jessika Squinobal
1079,Dr. Katrin Pertold
1078,Dr. Christian Müller-Guttenbrunn
1077,Dr Thomas Jehle
1076,Dr PINTO LOPES Bruno
1075,Labelia - Champagne au Mont d'Or
1074,Dr Hervé Vigouroux
1071,Place Dentaire - Villeurbanne
1069,Dr SANTAMARIA-LOISY Alberic
1068,CABINET DR KAWCHAGIE
1066,Cabinet du Docteur Guillaume MANFREDI
1065,Dr AL KHALIL Ramy
1064,Cabinet du Dr Jeremy LAMBOLEZ
1063,Mon cabinet Dentaire
1062,Centre médical et dentaire d'Osny
1061,Centre médical et dentaire Montigny-le-Bretonneux
1060,Cabinet du Dr Daniela MARIN-MIHALACHE
1057,Cabinet Arenas dentistes
1056,Dr TLIBA Hanene - Woluwe-Saint-Lambert
1055,Cabinet du Dr Nizard
1054,Cabinet de Mélanie Thuderoz
1053, DOTT.SSA DELIA DONATI
1052,Dr PADURARIU Alexandra
1051,Cabinet du docteur Caroline Camier-Feljas
1050,Studio Dentistico San Liberale  Dr Andrea Soggia
1047,Centre dentaire d'Hazebrouck
1045,Cabinet du Dr Truong
1044,Dr TLIBA Hanene - Woluwe-Saint-Pierre
1043,Cabinet du Dr Miara
1041,Dr RAHIM Marion
1040,Dr SMIDA Sabrine
1039,Cabinet du docteur Antoine DUBES
1038,DENTAL SI di DOMENICO SANTORO
1037,Place Dentaire - Lille
1036,Cabinet du Dr. Johanna SMADJA ZANA
1035,Dr BENAISSA Sofian
1033,Cabinet Dentaire Printemps St Lazare
1032,Avirons sourire
1031,Cabinet Dentaire Abbou Cohen
1030,Cabinet du Dr Pierre RENAUD
1029,Arapiles Dental
1027,Implantsite Clínica Dental Avanzada
1026,Cabinet du Dr Pierre BRUNO
1024,Nobel Santé - Vitry
1021,Cabinet Dr BOITEAUD
1020,Cabinet Dr BOITEAUD
1019,Dr PLESUVU Andrea
1018,Cabinet Du Dr Romain Goulette
1017,Cabinet dentaire Denteclat
1016,Cabinet du Dr Setta
1015,TONIETTI ANTONIO
1013,Dr TABO David
1012,Dr OGET-EVIN Diane
1011,NOBILI LUCA
1008,Cabinet du Dr Isabelle Marlier
1007,Cabinet du Docteur Iaroslvav Trochkov
1006,SOCIALDENT PADOVA SOCIETA' COOPERATIVA SOCIALE
1004,SELARL DU DR LOUIS EMILE CHERON
1003,CLINICA DR. RUZZA SRL
1002,Dentelia - Beaugrenelle
1001,Cabinet Du Dr Marie Herviou Nicolas
1000,Dr GUETTA Jonathan
998,Cabinet Dentaire Contrescarpe
997,Clinica Dental Crooke Laguna - Málaga
996,Clinica Aviñó Mira
995,Cabinet du Dr Lisa Contrasty
994,Cabinet du Docteur Caillault
993,MFR Rhône Alpes - Cluses
992,Cabinet du Dr Raul Teixeira
991,Cabinet du Dr Maudoigt
990,Dr TOUTAIN Ambre
989,Dr MC DONALD Thomas
987,Dr ATIA Jonathan
986,Dr MAJON Michel
985,Cabinet du docteur Louis CORTEEL
984,CAMPAGNA DR. NUNZIO EZIO
982,Dentego - La Seyne Sur Mer
981,Cabinet du Docteur Matthieu SIMON
979,Cabinet du DR Muriel Fenet
978,CABINET DENTAIRE GLOBAL
976,Centre dentaire des chartreux Marseille
975,Cabinet du Docteur Constantin Dumitru COVIT
974,CLINICA DENTÁRIA DR LOURDES VERISSIMO
970,Cabinet du Docteur Iuliana CRUC
968,STUDIO ODONTOIATRICO COZZOLINO PASQUALE
967,Cabinet du Dr Julien Seguis
966,Cabinet Dentaire Garibaldi
965,Clinica Dental Crooke Marbella
964,BARBARO DOTT. LEANDRO
963,Clinica Dental Crooke Alicante
961,Cabinet Dentaire Sore
960,Cabinet Dentaire du Dr Ardelean
959,Cabinet du Dr Yohanny Noel
958,GHEZZI DOTT. STEFANO
957,Cabinet du Dr Eliard
956,Dentifamily
955,Cabinet du Dr Claudius Zaharia-Trofin
952,SCM DARIE CHABAGNO
951,Cabinet du Dr Jean Jacques FABRE
949,"Cabinet des Dr Moueza, Banti & Michel-Amadry"
945,Cabinet du docteur Nicolas Brombal
944,FORMENTELLI DOTT. SERGIO
942,SCM DENTAIRE CARNOT
940,MEDI DENTAL PLUS SRL
938,Cabinet du Dr François BRESSON
937,Cabinet du Dr Paul Lucian MOLNAR
936,Cabinet du Dr Herve Vitte
934,Dr CHOUKAIR Jamil
932,STUDIO PROCE
930,THE EXCELLENCE SRL
929,Centre Dentaire Torcy
928,Cabinet du docteur Guillaume DARS
927,Cabinet du Dr Bussemey Thibaut
925,Vivanta Argomaniz
924,FARSI PROSSIMO SALUTE scs Onlus
923,Cabinet du Dr GUAVRI CALIAPEROUMAL
922,Dr SERANDOUR Guillaume
920,Cabinet du Dr Sophie Grosse
918,Cabinet du Dr Bréthous
917,STUDIO FELETTO SRL
915,SPECIAL ONE SRL
914,GIULIO DOTT PASTORE
912,Cabinet du Dr Thibault BERTRAND
910,Cabinet du Dr Damien Joe
908,CENTRO MEDICO ODONTOIATRICO DI ENIA LORENZO & C.
907,Cabinet du Dr Arroyo
906,Corral & Vargas Clínica Dental
905,Cambra Clinic
904,CABINET DENTAIRE DU DR ROMANE LEBOURGEOIS
903,Cabinet du docteur Lilian COSSART
902,Cabinet du docteur Laurent SERS
901,Cabinet Dr MELET
900,TORINO CINQUE SRL
899,Dr BEKKAOUI Mohamed
898,Cabinet Dentaire du Dr Sametzky
897,STRAMESI PIERO
896,MICLAVEZ DR. ANTONIO
895,Studio Dentistico Giangiacomo e Pezzotti
894,MANIERI MONICA
893,FG Dental S.R.L
892, ITALIA DENTAL GROUP SRL
890,DENTALART SNC
888,Centro Dentale 2M
887,Studio Cataudella STP SRL
886,Tandartsenpraktijk Ivoren Toren
885,Dentalzorg
884,Cabinet Dentaire du Dr Gutierres
883,Cabinet Dr Mikaël ROQUE
882,Dr ROTH Frédéric
881,Dentalway - Villeneuve d'Ascq
878,Dr DEAGE Frédéric
877,DENTAL SOLUTION SAS
876,PRODENT SRL
875,STUDIO GISOTTI SRL
873,ISGRO' DOTT. LORENZO
871,Dott. Monaca Pietro
870,Medident - Bagnolet
869,Studio Scatigna SRL STP
868,Microdent SRL
867,Master Teeth SRL
866,Poliambulatorio Leonardo srl
865,Grusovin D.ssa Gabriella
861,Centro Odontoiatrico L&C Dental
860,R&B SRL
859,Cimmino Dott. Alberto
858,Centro Odontoiatrico Just Smile Sas Dr Tinervia
857,Trapani di Maio
856,DENTALFEDE DI TRILLI FEDERICO
854,VITAGLIANO DOTT. MATTEO
852,ORAL CLINICS GROUP SRL
851,SAN GIMIGNANO
850,CENTRO DEL SORRISO SRL
849,ODONTOTEAM SRL
848,DENTAL CARE SRL
846,Cabinet du Dr Jean-Pierre MONON
845,Dr DESMAREST Julien
844,Cabinet Dr Julien Grélin
843,Cabinet du Dr Jimmy el Kik
842,Denteka - Sceaux
840,Dr DA SILVA Eurico
838,Cabinet du Docteur Yalicheff
837,Oral Center
835,Cabinet du Dr Margaux Danneels
833,Dr LEVY FAURIE Tania
828,Salud Navarra
827,Denteka - Savigny le Temple
826,Centre dentaire de la Cascade
825,Dr POPESCU Doina
824,Clinica Dental Goi
819,Cabinet du Dr Barber
818,Arturo Lozano Clínica Dental - Las Fuentes
817,Docteur Sylvie HARTMANN-FROSSARD
816,Denteka - Enghien les Bains
814,Dr Guillermic Aurélien
813,Dr BONDARI Silviu
808,Denteka - Clamart
806,Cabinet du Dr HAMICHI Fayza
804,Clinique Dentaire de Solesmes
803,Cabinet du Dr Elise Demaria
802,Denteka - Noisy le Sec
801,Cabinet Dentaire Sodenel
800,Dr ALLOUCHE Ylan
793,Dr FOSSATI Clément
789,Cabinet Solea
787,Nobel Santé - Oullins
784,EDENTE Estudio Dental by Pura Rodríguez
782,Labelia - Lyon 8 Montplaisir
781,Labelia - Saint Fons
780,Cabinet du docteur Maxime Trenit
779,Light Falls Clinic
778,Smile Concept
775,Groupe Denteka
772,MFR Rhône Alpes - Vienne
771,SCM POGAM-BALDY
770,Cabinet Dr FRAYSSE Nicolas
769,Santé Groupe - Poteaux ( Paris 18)
768,Santé groupe - Orléans
767,Cabinet du docteur Jérémy ANDRE
765,Cabinet du Dr Luc JEANNENOT
763,Somed Santé - Nantes
762,Cabinet du Docteur Sebastien Petit
761,Santé Groupe - Bois Colombes
760,"Dr DURET, BERTY, BOURMAND"
759,Sublimdent - Valence
758,Cabinet du Dr Fabien LIVRATI
756,Cabinet du docteur Gianluca GAVETTI
755,Cabinet du Nadia Jean-Baptiste
754,Centre Dentaire Léon Giraud
752,Dr VARNIER Karine
749,Cabinet du Dr Sadam Arar
748,Cabinet du Dr GRANDCHAMP Nina
747,Fidente Dental Clinic
745,Dr DELANNOY Romain
743,Cabinet Dr OATEN - Dr CHEBANCE
742,Cabinet du Dr Pascal Richardin
740,Cabinet du Dr Alexandre Carles
738,Centre Dentaire A'DENT
737,Artdent Clinic | La Valentine
735,Cabinet du Dr Sébastien UNIA
734,Cabinet du docteur Alexandra MARRONE
733,Selarl Cabinet Hortza
732,Docteur Johanne TUBIANA
731,Cabinet Arès Dr Deranlot - Calvet - Chamoux
730,Le Labo du Sourire
729,Medvision - Saint Cloud
727,Cabinet Dr Baleste
723,Dentego - Grasse (Franchise)
722,"Drs AUFFRAY, ROCQUES"
721,Dr HEQUET Jean-Charles
718,Cabinet du Docteur Laura Baccala
716,Cabinet du docteur Elisa HOVORKA
715,Cabinet dentaire Vermillion
714,Dentego - Cabestany
712,Dentego - Trinité
711,Cabinet dentaire - Basse Terre
710,CABINET DENTAIRE GRAND SELVE
707,Cabinet du docteur Dinh Hoan TRAN
705,Cabinet du docteur Laure DEMARTY
704,Cabinet du Dr Andréas Bauer
703,Cabinet du Dr Denis Pichon
702,Cabinet du Dr Jean-Eric Lachaux
701,Cabinet du Dr Patrick DAVID
700,Dr FURTADO Marco
698,Place Dentaire - Reims Vesle
697,Dentego - Lyon Part Dieu
696,Dr JEGHAM Elyes
695,Microdent Dental
693,Clinique Dentaire New-port
691,Dr MARTINAGE Anne Cecile
690,Cabinet du Dr Muriel COMPAN
689,SCM LE BARRAGE OUEST
688,Docali - Bondy
687,Docali - Bobigny
686,Docali - Aubervilliers
685,Place Dentaire - Lyon Lafayette
684,Cabinet du Dentaire Dupuy Montaudran
681,Cabinet du Dr Maria Pereira Gomes Da Fonte
680,Clinica Calvo de Mora
679,Dr PETIT Guillaume
678,Santé Sourire
677,Cabinet du docteur Bruno DAVY
676,Cabinet du docteur Alexandre Macario
674,Cabinet Dentaire des 4 Pavillons
673,Cabinet du docteur Margot DUBERTRAND
671,Place Dentaire - Nanterre Prefecture
669,Place Dentaire - Le Raincy
667,Cabinet du Dr Laurent PRUNET
665,Centre Médical et Dentaire de la Verrière - Meaux
661,SmileForLife
659,Santé Plus - Perpignan Jean Peyrat
658,Santé Plus - Saint Martin
657,Santé Plus - Brest
656,Santé Plus - Valmy
655,Santé Plus - Canal
654,Santé Plus - Meaux
652,Dr BEAUPIN Simon
651,Place Dentaire - Perpignan
650,Place Dentaire - Barbès
648,Place Dentaire - Saint Antoine
647,Cabinet Dentaire du Dr Bérenger Charlois
646,Cabinet Dentaire Flumet
645,Cabinet dentaire des Drs Jourdan & Bienfait
642,Dr DANEY Thibault
640,Cabinet du docteur Stéphane DEDOBBELER
639,Cabinet du Dr Svetlana SAYFULIN
638,Cabinet dentaire les 2 alpes
637,Dentalaxe - Montbéliard
631,Cabinet du Dr Ouahiba Arar
628,Place Dentaire - Nanterre Foch
627,Cabinet du Dr Boivin
626,Cabinet Dentaire Monselet - Boulay Paty
625,Centre Dentaire Choisy Sourire
624,"Cabinet des Drs Morel, Rossi & Chataigner - Charly"
623,Cabinet du Dr Pierre Ouvrard
622,Cabinet Dentaire Monselet - Emile Sarradin
621,Cabinet du Dr Xavier SEVIGNAC
620,Cabinet Dr Paul BOURGES
619,Cabinet du Dr Daniel BENICHOU
615,Cabinet du Dr Sayac - Lyon
611,Place Dentaire - Les Lilas
609,Cabinet du Dr Benoit Toutain
604,Cabinet du Dr Ludovic MARUANI
603,Cabinet du Dr Sobol
601,Labelia - Sathonay
600,Labelia - Charbonnieres Les Bains
599,Dr PINTO Ana
598,Cabinet du Dr Chloé Montero - Castelsarrasin
597,Cabinet du Dr Chloé Montero - St Alban
595,Cabinet du Dr Mickael Aziza
594,Dr HERVE Agathe
593,Cabinet du Dr Valérie REGEN HALL
591,Gsmile - Issy les Moulineaux
590,Gsmile - Versailles
589,Gsmile - Noisy le Roi
587,Dr Levana CHETBOUN
585,SELARL Mathieu Benichou
583,Cabinet du Dr Nafissa Tehami
581,Cabinet du Dr Rocco ROUX
577,Allodent - Saint Cannat
574,Dr BITAR Elie
571,Cabinet dentaire Cap 3000
570,Dentego - Laxou
568,"Dr TOCQUER, BERTHO TOCQUER"
566,Cabinet Dr DUMONT - Dr BESSE
564,Cabinet du docteur Nicolas Macqueron
563,Cabinet du Dr Bouchez
562,Cabinet du Dr Mader
559,Cabinet du Dr Eduard Weingart
557,Cabinet du Dr Henri Guegan
556,Cabinet Dentaire 3D - Dr Philippe Cazenave
554,CMC Oral
552,Cabinet des Dr Riester et Jimenez
550,Dr ZENATI Charlotte
549,Dr DARRIEU Marie
548,Cabinet du docteur Payam Gandjizadeh
547,Cabinet du docteur Gilles Garfagnini
546,Nobel Santé - Marseille
545,Nobel Santé - Lyon 8
544,Nobel Santé - Vénissieux
542,Cabinet Dr Mehdi Bouchnafa
541,Dr MORETTI David
539,Dr BULZ Radu
538,Dr KELEMEN Cristian
537,Cabinet du Dr Frédéric ROULANT
535,"Dr STURZ, FAURE"
534,Cabinet du Dr Manon GOURNAY-COPPEE
533,Dr BRODIEZ Pascal
531,Vitaldent - Villalba
529,Dr ALIZARD Chloé
527,Dr. Simon CLAEYS
526,Dr BUQUET Etienne
525,Cabinet du docteur Eric Lefevre
524,"Cabinet dentaire des Drs Horiot, Jourdan et Gomis"
523,Cabinet Dr Karima Nouri
522,Dr HURGOIU Adriana
521,SCP ACES
519,Cabinet du Docteur Jean-Baptiste OLIVER
517,Cabinet du Dr Lisa BERGONZI-GARZELLI
515,Cabinet Drs Morgane POLLET et Guillaume WARINGHEM
514,Cabinet de Chirurgie Dentaire du Parc
513,Cabinet Dentaire du Renaison
512,Cabinet Dentaire du Médipôle
508,Vitaldent - Alcorcon
507,Dr BERENGUER Christophe
505,Cabinet du Dr Nicolas OSSWALD
503,Somed - Clay
502,Centre Dentaire - Porte d'Auteuil
500,Oneddental
499,Dr AMILLO Laura
497,Somed - Amiens
496,Cabinet Dr Fabrice BAUDOT
494,Vitaldent - Mostoles
493,Vitaldent - Mostoles Goya
492,Dr MAAREK Yosef Thierry
491,Dr HUMMEL Alexandre
490,Dr DIACONESCU Dragos
489,Vitaldent - Vaguada
487,Dr SOUIED Laurent
486,Cabinet dentaire Dougnac
485,Cabinet du Dr Julie Cherubin
484,Dr Cristina VARELA LUACES
482,Cabinet dentaire des Tilleuls
481,Cabinet dentaire du Dr André Barbagallo
480,Dr Pradère Hervé
479,Dr LALUQUE Victor
478,CLINIMED - Rueil Malmaison
477,Cabinet Dentaire des Plaines
476,Cabinet du Dr Mathilde LEJEUNE
475,Cabinet du Dr Gerald Gillet Ducher
472,Cabinet Dentaire du Parc
471,Clinique du Vergers - Algers
470,Dentego - Nancy
468,Dr LEBON Anna
466,Dr CARREBROUCK Jolien
465,Cabinet dentaire du Lagon
464,Cabinet du Dr David AKRICH
463,Dr ALI Mohamed
462,Cabinet Dentaire des Oliviers
458,Cabinet Dentaire Jouve
457,Les Dents Du Léman
455,Cabinet du Dr Rodolphe MARTIN
454,Dr LUX Célia
451,Vitaldent - Coslada
447,Centre dentaire de la Seyne Sur Mer
446,Doctil - Villepinte
445,Doctil - Chatenay Malabry
444,Vitaldent - Alcala de Henares
443,MFR Lot & Garonne - Villeneuve sur Lot
442,MFR Lot et Garonne - Agen
439,Dr ELBAZ Jonathan
438,Dr BRODIEZ Pierre
436,MFR du Gers - Centre dentaire Auch
434,Cabinet du Dr Pierre BODART - Metasmile
433,Dr GRIMAL Philippe
432,Dr GARDA Olivier
431,Cabinet Dentaire d'Albret
430,Cilaé Santé
429,Dr ROUX Alexandra
426,Cabinet du Dr Clément CAULET
424,Cabinet du Dr Christian Pujol
423,Cabinet dentaire des Mascareignes
422,Dr FAUCON Vincent
420,Cabinet 2 Lyon
419,Bonneuil Santé
418,Dr DUPLAIX Jean Baptiste
417,Dr MONSENEGO Alexandre
416,Dr BOURGEOIS Emmanuelle
415,Cabinet du Dr Paul CAMMAN -Espace dentaire Béziers
414,Cabinet du Dr Adrien DOGNETON
413,Cabinet du Dr Fabrice GAMBIER - Espace sourire
412,Dr HADDAD Michel
411,Dr MOHAMMAD Abdoul
409,Cabinet du Dr Philippe Roussel
407,VYV - Bordeaux Vital Carles
406,Cabinet du Dr Laran
405,Dr RENARD Dominique
404,Dr DUQUE LESSA BASTOS Fernando
401,Cabinet du Dr Maxime GOURMET
400,Dr GUILLET Anne
398,Cabinet -  Frederic Halfon
395,"DR CLAMY EDROUX, OCTAVE"
394,Cabinet du Dr Reda BEN KIRAN
390,Cabinet du Dr Martin et Jean-Jacques BENSAHEL
389,Cabinet du Dr Diana APOSTOL
388,Cabinet dentaire du Grand Baisieux
387,Docali - Toulouse Lazare Carnot
386,Docali - Colomiers
385,Docali - Lyon 9
384,Docali - Lyon 8
383,Docali - Nantes
382,Docali - Rennes
381,Docali - Lomme Lambersart
380,Docali - Lille Fives
379,Docali - Lille Wazemmes
378,Dr LOSEKE Valérie
376,Dr POTAUX Grégoire
374,Dr POLO Cyrielle
373,Cabinet du Dr Tania CASTRO
372,Dr ABOUZAGLO Benjamin
371,Dentego - Marseille République
370,Dr LANG Zacharie
368,Dr PENA Rafael
365,SCM Dentaire des Chartrons
364,Dr NATHAN Thierry
363,Cabinet de Dr Paul GARCIA
362,Cabinet dentaire Drs Dany Cohen et Sarah Matrullo
359,CMDF - Saint Ouen
352,Cabinet du Dr Sébastien MELLOUL
349,Hygident - Martinique (Océanis)
347,CMDF - Gennevilliers
346,Dentego - Montpellier Comédie
345,Dentego - Montpellier Argelliers
344,Dentego - Castelnau
342,SELARL Cabinet dentaire des bois
341,Dentego - Blagnac
340,Dr GUGLIELMI Pierre Ange
339,Cabinet Dr VALENTI - DERTERM - CANCIAN - ESCUDIE
338,Dental Vallée
337,Dentego - Orléans
335,CABINET DU DR PHILIPPE ZENOUDA
334,CMDF - Paris Magenta
333,CMDF - Villetaneuse
332,LA VILLA ESPACE DENTAIRE AIX EN PROVENCE
330,Dr MARTIN Philippe
329,Dr TOMSA Mihai Oliviu
328,CABINET DENTAIRE DU MERLAN - DR JOE KOSTA
325,Dentego - Saint Raphaël
324,Dentego - Dijon
323,Dr BENAYOUN Veronique
320,Dr NGUYEN Tien-Van
319,Dentego - Nice Thiers
318,Dentego - Chalon-sur-Saône
316,Dentego - Lyon République
315,CABINET DU DR THIBAULT FANTINO
314,Dentego - Cannes
313,Hygident - Guadeloupe (Colin)
312,Dentego - Antibes
307,CABINET DU DR ERIC BERGERO
304,Cabinet du Dr OMARJEE Bilal
300,Dr CASTAGNA Didier
299,CENTRE MEDICO-DENTAIRE GUYOT ET ASSOCIES
298,Dentego - Villeurbanne
297,Dr Jérôme Dumond
296,CABINET DU DR PEYRATOUX
295,Cabinet du Dr Quaglieri
294,CABINET DU DOCTEUR DAN ILLOUZ
293,Cabinet du Docteur Dominguez
292,Dentego - Gare de Lyon
289,Dentego - Lyon Lumière
287,CABINET DENTAIRE DU DR JEREMY CIPRIANI
279,Selarl Vital
276,ACSMILE
275,Dr De Crozals Stéphane
274,Docali - Davout
273,Cabinet dentaire DENT’AR
272,Dentego - Draguignan
271,Dentego - Rouen Saint Sever
270,Dentego - Toulon
269,Dentego - Caen
268,Dentego - Nice France
267,Dentego - Nice Garibaldi
266,Dentego - Sainte Maxime
264,Dentego - Menton
252,Centre Dentaire Hoche
250,Dentego - Mulhouse
246,Centre de santé Dentaire - Guy mocquet
236,Nobel Santé - Argenteuil
232,Dentego - Barbes
229,Dentego - Chartres
225,Dentego - Villeneuve d'Ascq
223,Cabinet Emerique
217,Dentego - Reims
216,Dentego - Brest
215,Centre Dentaire ADN la Défense
205,Dental Synergy
202,DPO Suresnes
201,Cabinet dentaire des promenades
200,DPO Neuilly
198,Clinique Dr Agday
197,Place Dentaire - Le Pré-Saint-Gervais
193,Place Dentaire - Beauvais
189,Cabinet du Dr Laurent Desmaison
187,Cabinet du Dr Yves Tolila
184,Cabinet du docteur Zenou
180,Cabinet du Dr Homassel Benoît
177,Dentego - Alfortville
175,Dentego - Gare du Nord
169,Cabinet du Dr Gerard Tolila
157,Avident - Le Cannet
156,Avident - Nice
155,Avident - Cannes
154,Place Dentaire - Porte d'Italie
152,Place Dentaire - Lyon Saxe
148,Docali - Lyon 7
143,Cabinet du Dr Nicolas
141,Nobel Santé - Bordeaux
140,Nobel Santé - République
139,Nobel Santé - Nationale
138,Nobel Santé - Orly
137,Nobel Santé - Melun
136,Nobel Santé - Rosny-sous-bois
130,Cabinet du Dr Dray Nicolas
128,Cabinet - Dr Journo Kalfon
127,Docali - Rouen Saint-Sever
126,Docali - Rouen Cathédrale
125,Docali - Belleville
124,Docali - Villejuif
123,Cabinet du Dr Ivan Korecky
121,Cabinet Dr Vecchione Christiane
119,Odento - Evian
118,Dentalplan - Saint Lazare
117,Cabinet Irranca
114,Dentelse - Clamart
112,Rihtar Sebastian office
109,Cyril Gaillard Cabinet
94,Cabinet du Dr Varea
87,Cabinet du Dr Clément Enous
68,Jonathan Amar office
24,Centre Dentaire Evreux
23,Dentexelans - Beauvais
22,Dentexelans - Orléans
18,Dentego - Amiens
17,Allodent - Salon-de-Provence
16,Allodent - Marseille
15,Dentelse - Boulogne
13,Place Dentaire - Saverne
12,Place Dentaire - Rivétoile
11,Place Dentaire - Hautepierre
10,Place Dentaire - Illkirch
9,SELARL Elbaz et Associés
8,Odento - Paris 17
6,Allodent - Aix en Provence
